<?xml version='1.0' encoding='utf-8'?>
<!DOCTYPE hibernate-configuration PUBLIC
    "-//Hibernate/Hibernate Configuration DTD//EN"
    "http://www.hibernate.org/dtd/hibernate-configuration-3.0.dtd">
<hibernate-configuration>
  <session-factory>
    <property name="connection.url">jdbc:postgresql://localhost:5432/Library</property>
    <property name="connection.driver_class">org.postgresql.Driver</property>
    <property name="dialect">org.hibernate.dialect.PostgreSQLDialect</property>
    <property name="connection.username">postgres</property>
    <property name="connection.password">4342</property>
    <mapping class="com.jmnv2122.unit5.library.view.BooksjpaEntityFinal"/>
    <mapping class="com.jmnv2122.unit5.library.view.LendingjpaEntityFinal"/>
    <mapping class="com.jmnv2122.unit5.library.view.ReservationsjpaEntityFinal"/>
    <mapping class="com.jmnv2122.unit5.library.view.UsersjpaEntityFinal"/>
    <mapping class="com.jmnv2122.unit5.library.view.BooksjpaEntity"/>
    <mapping class="com.jmnv2122.unit5.library.view.UsersjpaEntity"/>


    <!-- DB schema will be updated if needed -->
    <!-- <property name="hibernate.hbm2ddl.auto">update</property> -->
  </session-factory>
</hibernate-configuration>